<?xml version="1.0" encoding="UTF-8"?>
<configuration>
    <include resource="org/springframework/boot/logging/logback/base.xml" />
    <logger name="org.springframework.web" level="INFO"/>
    <logger name="org.springboot.sample" level="TRACE" />
    
    <!--level ：TRACE < DEBUG < INFO < WARN < ERROR < FATAL -->

    <!-- 开发、测试环境 -->
    <springProfile name="dev,test">
        <logger name="org.springframework.web" level="INFO"/>
        <logger name="org.springboot.sample" level="INFO" />
        <logger name="com.example" level="DEBUG" />
    </springProfile>

    <!-- 生产环境 -->
    <springProfile name="pro">
        <logger name="org.springframework.web" level="WARN"/>
        <logger name="org.springboot.sample" level="WARN" />
        <logger name="com.example" level="INFO" />
    </springProfile>

</configuration>